Pre_assessment,0,d to h
Pre_assessment,1,y axis
Pre_assessment,2,h to d
Pre_assessment,3,center
Pre_assessment,4,h to d
Pre_assessment,5,y axis
Pre_assessment,6,shape
Pre_assessment,7,x axis
Pre_assessment,8,shape
Pre_assessment,9,center
Pre_assessment,10,histogram
Pre_assessment,11,spread
Pre_assessment,12,x axis
b3,0,histogram
b3_2,1,center
b3_2,2,histogram
b3data,3,histogram
b3data,4,histogram
b3labels,5,histogram
p3,1,histogram
p3,0,histogram
practice_label_x,0,x axis
practice_label_y,0,y axis
practice_label2_x,0,x axis
practice_label2_y,0,y axis
practice_label3_x,0,x axis
practice_label3_y,0,y axis
practice_label_y,1,y axis
practice_label2_y,1,y axis
practice_label3_y,1,y axis
practice_label_des,2,histogram
practice_label2_des,2,histogram
practice_label3_des,2,histogram
t5_spread,3,spread
t5_shape,6,shape
b5_spread,3,spread
b5_shape,6,shape
T3_2,1,histogram
labeling_a,0,y axis
b4,0,histogram
b4_2,0,histogram
b4_2,1,histogram
b5_center,0,center
b5_spread,0,spread
b5_shape,0,shape
shape,0,shape
shape,1,shape
skew_easy,1,shape
skew_easy,2,shape
skew_easy,3,shape
skew_easy,4,shape
skew_easy,5,shape
skew_easy,6,shape
skew_easy2,1,shape
skew_easy2,2,shape
skew_easy2,3,shape
skew_easy2,4,shape
skew_easy2,5,shape
skew_easy2,6,shape
axis,0,x axis
axis,1,y axis
match_d_to_h,0,d to h
match_h_to_d,0,h to d
match_h_to_d,1,h to d
matching_desc_hist_a,0,d to h
match_h_to_d_a,0,h to d
matching_a,0,d to h
matching_b,0,d to h
T3,0,histogram
T3_2,0,center
t4_2,0,histogram
t4_2,1,histogram
t5_center,0,center
t5_spread,0,spread
t5_shape,0,shape
Post_assessment,0,d to h
Post_assessment,1,y axis
Post_assessment,2,h to d
Post_assessment,3,center
Post_assessment,4,h to d
Post_assessment,5,y axis
Post_assessment,6,shape
Post_assessment,7,x axis
Post_assessment,8,shape
Post_assessment,9,center
Post_assessment,10,histogram
Post_assessment,11,spread
Post_assessment,12,x axis
